2020.11.27,09:40,1809.10000,1809.19000,1808.69000,1808.96000,156
2020.11.27,09:41,1809.01000,1809.03000,1808.79000,1808.89000,86
2020.11.27,09:42,1808.89000,1809.70000,1808.89000,1809.61000,189
2020.11.27,09:43,1809.61000,1810.06000,1809.56000,1809.97000,114
2020.11.27,09:44,1809.97000,1810.00000,1809.63000,1809.65000,105
2020.11.27,09:45,1809.65000,1810.01000,1809.63000,1809.91000,78
2020.11.27,09:46,1809.91000,1809.91000,1809.76000,1809.76000,32
2020.11.27,09:47,1809.76000,1809.92000,1809.32000,1809.37000,95
2020.11.27,09:48,1809.37000,1809.46000,1809.04000,1809.18000,184
2020.11.27,09:49,1809.20000,1809.64000,1809.18000,1809.39000,168
2020.11.27,09:50,1809.39000,1809.88000,1809.29000,1809.84000,186
2020.11.27,09:51,1809.84000,1809.84000,1809.30000,1809.47000,162
2020.11.27,09:52,1809.47000,1809.89000,1809.24000,1809.82000,198
2020.11.27,09:53,1809.82000,1810.49000,1809.80000,1810.22000,268
2020.11.27,09:54,1810.22000,1810.26000,1809.99000,1810.00000,74
2020.11.27,09:55,1810.00000,1810.40000,1809.99000,1810.10000,97
2020.11.27,09:56,1810.10000,1810.29000,1809.96000,1810.29000,110
2020.11.27,09:57,1810.27000,1810.35000,1810.06000,1810.18000,103
2020.11.27,09:58,1810.18000,1810.41000,1809.85000,1809.85000,103
2020.11.27,09:59,1809.85000,1810.27000,1809.73000,1810.02000,115
2020.11.27,10:00,1810.02000,1810.07000,1809.66000,1809.85000,127
2020.11.27,10:01,1809.85000,1810.34000,1809.58000,1810.21000,182
2020.11.27,10:02,1810.21000,1810.38000,1809.93000,1810.06000,243
2020.11.27,10:03,1810.06000,1810.28000,1809.91000,1809.96000,152
2020.11.27,10:04,1809.96000,1809.99000,1809.34000,1809.37000,85
2020.11.27,10:05,1809.37000,1809.84000,1809.13000,1809.81000,155
2020.11.27,10:06,1809.81000,1810.02000,1809.76000,1809.90000,141
2020.11.27,10:07,1809.90000,1811.51000,1809.86000,1811.36000,358
2020.11.27,10:08,1811.36000,1811.45000,1810.63000,1810.63000,153
2020.11.27,10:09,1810.63000,1810.68000,1810.01000,1810.04000,171
2020.11.27,10:10,1810.04000,1810.38000,1809.95000,1810.19000,162
2020.11.27,10:11,1810.19000,1810.42000,1810.19000,1810.23000,114
2020.11.27,10:12,1810.23000,1810.40000,1809.85000,1809.92000,120
2020.11.27,10:13,1809.92000,1810.13000,1809.86000,1809.91000,69
2020.11.27,10:14,1809.86000,1809.93000,1809.11000,1809.44000,144
2020.11.27,10:15,1809.44000,1809.44000,1808.75000,1808.79000,190
2020.11.27,10:16,1808.79000,1809.91000,1808.72000,1809.81000,224
2020.11.27,10:17,1809.81000,1809.81000,1809.22000,1809.34000,124
2020.11.27,10:18,1809.34000,1809.45000,1809.14000,1809.14000,126
2020.11.27,10:19,1809.14000,1809.25000,1808.90000,1808.93000,74
2020.11.27,10:20,1808.93000,1808.93000,1808.46000,1808.47000,165
2020.11.27,10:21,1808.47000,1809.14000,1808.47000,1809.14000,129
2020.11.27,10:22,1809.14000,1809.32000,1808.95000,1809.23000,169
2020.11.27,10:23,1809.23000,1809.28000,1809.03000,1809.13000,166
2020.11.27,10:24,1809.13000,1809.26000,1809.04000,1809.13000,170
2020.11.27,10:25,1809.13000,1809.14000,1808.74000,1808.84000,158
2020.11.27,10:26,1808.84000,1808.87000,1808.44000,1808.54000,107
2020.11.27,10:27,1808.54000,1809.02000,1808.54000,1808.91000,151
2020.11.27,10:28,1808.91000,1809.02000,1808.29000,1808.42000,175
2020.11.27,10:29,1808.42000,1808.67000,1808.15000,1808.52000,161
2020.11.27,10:30,1808.52000,1808.82000,1808.47000,1808.62000,143
2020.11.27,10:31,1808.62000,1808.62000,1807.73000,1808.16000,274
2020.11.27,10:32,1808.16000,1809.37000,1808.00000,1808.92000,300
2020.11.27,10:33,1808.92000,1808.93000,1808.51000,1808.74000,131
2020.11.27,10:34,1808.78000,1809.22000,1808.78000,1809.15000,113
2020.11.27,10:35,1809.15000,1809.29000,1809.13000,1809.24000,87
2020.11.27,10:36,1809.24000,1809.33000,1809.14000,1809.16000,91
2020.11.27,10:37,1809.16000,1809.36000,1809.14000,1809.22000,83
2020.11.27,10:38,1809.22000,1809.50000,1809.16000,1809.23000,108
2020.11.27,10:39,1809.23000,1809.24000,1808.88000,1809.07000,73
2020.11.27,10:40,1809.07000,1809.55000,1808.96000,1809.47000,123
2020.11.27,10:41,1809.47000,1809.68000,1809.35000,1809.44000,99
2020.11.27,10:42,1809.44000,1809.53000,1809.42000,1809.48000,40
2020.11.27,10:43,1809.48000,1809.78000,1809.47000,1809.74000,75
2020.11.27,10:44,1809.74000,1809.99000,1809.74000,1809.90000,78
2020.11.27,10:45,1809.90000,1810.20000,1809.83000,1809.98000,54
2020.11.27,10:46,1809.98000,1809.98000,1809.64000,1809.77000,47
2020.11.27,10:47,1809.77000,1809.81000,1809.66000,1809.68000,41
2020.11.27,10:48,1809.70000,1809.71000,1809.59000,1809.66000,50
2020.11.27,10:49,1809.66000,1809.75000,1809.55000,1809.60000,85
2020.11.27,10:50,1809.60000,1809.62000,1809.00000,1809.00000,72
2020.11.27,10:51,1809.00000,1809.44000,1808.99000,1809.44000,32
2020.11.27,10:52,1809.44000,1809.80000,1809.44000,1809.79000,61
2020.11.27,10:53,1809.79000,1810.01000,1809.68000,1809.83000,72
2020.11.27,10:54,1809.83000,1809.93000,1809.63000,1809.68000,47
2020.11.27,10:55,1809.68000,1809.78000,1809.58000,1809.73000,45
2020.11.27,10:56,1809.73000,1809.73000,1809.48000,1809.48000,19
2020.11.27,10:57,1809.48000,1809.83000,1809.18000,1809.25000,46
2020.11.27,10:58,1809.25000,1809.25000,1808.72000,1808.92000,64
2020.11.27,10:59,1808.92000,1809.36000,1808.88000,1809.26000,43
2020.11.27,11:00,1809.26000,1809.26000,1808.89000,1809.18000,56
2020.11.27,11:01,1809.17000,1809.86000,1809.11000,1809.61000,45
2020.11.27,11:02,1809.61000,1809.61000,1809.23000,1809.23000,25
2020.11.27,11:03,1809.23000,1809.54000,1809.23000,1809.46000,56
2020.11.27,11:04,1809.46000,1809.60000,1809.29000,1809.45000,92
2020.11.27,11:05,1809.45000,1809.45000,1809.21000,1809.43000,74
2020.11.27,11:06,1809.43000,1809.44000,1809.18000,1809.26000,53
2020.11.27,11:07,1809.26000,1809.46000,1809.13000,1809.13000,35
2020.11.27,11:08,1809.13000,1809.18000,1808.85000,1809.04000,81
2020.11.27,11:09,1809.04000,1809.92000,1809.00000,1809.67000,130
2020.11.27,11:10,1809.67000,1809.99000,1809.67000,1809.99000,77
2020.11.27,11:11,1809.99000,1809.99000,1809.94000,1809.94000,15
2020.11.27,11:12,1809.94000,1810.16000,1809.94000,1810.12000,38
2020.11.27,11:13,1810.12000,1810.25000,1809.95000,1809.95000,56
2020.11.27,11:14,1809.95000,1810.05000,1809.90000,1809.95000,17
2020.11.27,11:15,1809.95000,1810.19000,1809.95000,1810.06000,61
2020.11.27,11:16,1810.06000,1810.53000,1810.06000,1810.43000,35
2020.11.27,11:17,1810.43000,1810.59000,1810.32000,1810.36000,54
2020.11.27,11:18,1810.36000,1810.36000,1810.13000,1810.33000,57
2020.11.27,11:19,1810.33000,1810.39000,1810.20000,1810.22000,55
2020.11.27,11:20,1810.22000,1810.65000,1810.02000,1810.54000,128
2020.11.27,11:21,1810.54000,1810.61000,1810.45000,1810.53000,57
2020.11.27,11:22,1810.53000,1810.61000,1810.43000,1810.61000,51
2020.11.27,11:23,1810.61000,1810.73000,1810.28000,1810.45000,92
2020.11.27,11:24,1810.45000,1810.48000,1810.17000,1810.28000,45
2020.11.27,11:25,1810.28000,1810.57000,1810.26000,1810.26000,50
2020.11.27,11:26,1810.26000,1810.48000,1809.90000,1809.90000,64
2020.11.27,11:27,1809.90000,1809.95000,1809.69000,1809.78000,78
2020.11.27,11:28,1809.78000,1810.07000,1809.40000,1809.40000,53
2020.11.27,11:29,1809.40000,1809.54000,1809.21000,1809.29000,145
2020.11.27,11:30,1809.29000,1809.32000,1809.07000,1809.23000,70
2020.11.27,11:31,1809.23000,1809.51000,1809.06000,1809.15000,216
2020.11.27,11:32,1809.15000,1809.45000,1809.14000,1809.45000,83
2020.11.27,11:33,1809.45000,1809.45000,1809.03000,1809.05000,96
2020.11.27,11:34,1809.05000,1809.22000,1808.94000,1809.04000,172
2020.11.27,11:35,1809.04000,1809.04000,1808.08000,1808.32000,173
2020.11.27,11:36,1808.32000,1810.07000,1808.32000,1809.98000,276
2020.11.27,11:37,1809.96000,1809.96000,1809.18000,1809.31000,126
2020.11.27,11:38,1809.31000,1809.47000,1808.75000,1808.97000,181
2020.11.27,11:39,1808.97000,1809.08000,1808.50000,1808.72000,105
2020.11.27,11:40,1808.72000,1808.75000,1808.41000,1808.46000,129
2020.11.27,11:41,1808.46000,1808.56000,1808.06000,1808.13000,116
2020.11.27,11:42,1808.13000,1808.22000,1807.93000,1808.04000,147
2020.11.27,11:43,1808.04000,1808.08000,1807.96000,1808.07000,40
2020.11.27,11:44,1808.07000,1808.11000,1807.54000,1807.55000,103
2020.11.27,11:45,1807.55000,1808.08000,1807.26000,1808.05000,144
2020.11.27,11:46,1808.05000,1808.75000,1808.05000,1808.37000,150
2020.11.27,11:47,1808.37000,1808.54000,1808.17000,1808.48000,54
2020.11.27,11:48,1808.48000,1808.73000,1808.48000,1808.62000,47
2020.11.27,11:49,1808.62000,1808.83000,1808.44000,1808.55000,86
2020.11.27,11:50,1808.55000,1808.60000,1808.41000,1808.60000,35
2020.11.27,11:51,1808.60000,1808.87000,1808.59000,1808.82000,87
2020.11.27,11:52,1808.82000,1808.86000,1808.62000,1808.68000,61
2020.11.27,11:53,1808.68000,1808.86000,1808.40000,1808.74000,149
2020.11.27,11:54,1808.74000,1808.74000,1808.39000,1808.44000,84
2020.11.27,11:55,1808.44000,1808.82000,1808.42000,1808.60000,100
2020.11.27,11:56,1808.60000,1808.76000,1808.41000,1808.59000,99
2020.11.27,11:57,1808.59000,1808.65000,1808.33000,1808.33000,86
2020.11.27,11:58,1808.33000,1808.46000,1808.21000,1808.33000,101
2020.11.27,11:59,1808.32000,1808.58000,1808.32000,1808.51000,100
2020.11.27,12:00,1808.51000,1808.65000,1808.40000,1808.52000,110
2020.11.27,12:01,1808.52000,1808.66000,1808.17000,1808.26000,84
2020.11.27,12:02,1808.26000,1808.44000,1808.05000,1808.18000,99
2020.11.27,12:03,1808.18000,1808.54000,1808.04000,1808.44000,102
2020.11.27,12:04,1808.44000,1808.65000,1808.03000,1808.13000,97
2020.11.27,12:05,1808.13000,1808.33000,1807.91000,1807.96000,115
2020.11.27,12:06,1807.96000,1807.98000,1807.79000,1807.80000,62
2020.11.27,12:07,1807.80000,1807.94000,1807.30000,1807.47000,139
2020.11.27,12:08,1807.47000,1807.73000,1807.22000,1807.32000,119
2020.11.27,12:09,1807.32000,1808.02000,1807.32000,1807.98000,93
2020.11.27,12:10,1807.98000,1809.11000,1807.76000,1808.89000,138
2020.11.27,12:11,1808.89000,1809.01000,1808.56000,1808.87000,68
2020.11.27,12:12,1808.87000,1809.16000,1808.76000,1809.16000,44
2020.11.27,12:13,1809.16000,1809.58000,1809.06000,1809.55000,39
2020.11.27,12:14,1809.55000,1809.67000,1809.47000,1809.52000,51
2020.11.27,12:15,1809.52000,1809.59000,1809.25000,1809.54000,72
2020.11.27,12:16,1809.54000,1809.58000,1809.45000,1809.50000,40
2020.11.27,12:17,1809.50000,1809.78000,1809.43000,1809.49000,86
2020.11.27,12:18,1809.49000,1809.53000,1809.03000,1809.07000,43
2020.11.27,12:19,1809.07000,1809.42000,1809.07000,1809.42000,37
2020.11.27,12:20,1809.42000,1809.42000,1809.05000,1809.14000,22
2020.11.27,12:21,1809.14000,1809.22000,1808.93000,1809.15000,46
2020.11.27,12:22,1809.15000,1809.57000,1809.02000,1809.43000,92
2020.11.27,12:23,1809.43000,1809.59000,1809.33000,1809.41000,48
2020.11.27,12:24,1809.41000,1809.55000,1809.35000,1809.35000,50
2020.11.27,12:25,1809.35000,1809.39000,1808.89000,1808.89000,54
2020.11.27,12:26,1808.89000,1809.22000,1808.87000,1809.11000,44
2020.11.27,12:27,1809.11000,1809.15000,1808.99000,1809.13000,47
2020.11.27,12:28,1809.13000,1809.47000,1809.13000,1809.40000,73
2020.11.27,12:29,1809.40000,1809.46000,1808.59000,1808.93000,240
2020.11.27,12:30,1808.93000,1809.05000,1808.47000,1808.47000,133
2020.11.27,12:31,1808.47000,1808.74000,1808.26000,1808.53000,129
2020.11.27,12:32,1808.53000,1808.80000,1808.16000,1808.16000,146
2020.11.27,12:33,1808.16000,1808.57000,1808.02000,1808.45000,103
2020.11.27,12:34,1808.45000,1808.60000,1808.26000,1808.26000,90
2020.11.27,12:35,1808.31000,1808.45000,1808.28000,1808.36000,102
2020.11.27,12:36,1808.36000,1808.36000,1807.52000,1807.55000,178
2020.11.27,12:37,1807.55000,1807.98000,1807.54000,1807.66000,112
2020.11.27,12:38,1807.66000,1807.67000,1807.32000,1807.42000,93
2020.11.27,12:39,1807.42000,1808.11000,1807.42000,1808.11000,92
2020.11.27,12:40,1808.11000,1808.11000,1807.60000,1807.84000,137
2020.11.27,12:41,1807.84000,1807.93000,1807.80000,1807.88000,93
2020.11.27,12:42,1807.88000,1808.18000,1807.83000,1808.06000,114
2020.11.27,12:43,1808.06000,1808.37000,1807.99000,1808.34000,91
2020.11.27,12:44,1808.34000,1808.34000,1807.73000,1807.76000,65
2020.11.27,12:45,1807.76000,1807.80000,1807.45000,1807.78000,102
2020.11.27,12:46,1807.73000,1808.64000,1807.71000,1808.51000,112
2020.11.27,12:47,1808.51000,1808.53000,1808.36000,1808.46000,41
2020.11.27,12:48,1808.46000,1809.02000,1808.46000,1808.72000,120
2020.11.27,12:49,1808.72000,1808.76000,1808.47000,1808.54000,80
2020.11.27,12:50,1808.54000,1808.84000,1808.54000,1808.84000,54
2020.11.27,12:51,1808.84000,1808.97000,1808.34000,1808.42000,92
2020.11.27,12:52,1808.42000,1808.42000,1808.23000,1808.29000,75
2020.11.27,12:53,1808.29000,1808.94000,1808.19000,1808.89000,60
2020.11.27,12:54,1808.89000,1809.16000,1808.81000,1808.81000,71
2020.11.27,12:55,1808.81000,1808.83000,1808.16000,1808.25000,94
2020.11.27,12:56,1808.25000,1808.25000,1807.83000,1807.87000,88
2020.11.27,12:57,1807.87000,1808.01000,1807.71000,1807.90000,28
2020.11.27,12:58,1807.90000,1807.92000,1807.65000,1807.70000,127
2020.11.27,12:59,1807.69000,1807.75000,1807.23000,1807.44000,128
2020.11.27,13:00,1807.44000,1808.01000,1807.39000,1807.91000,100
2020.11.27,13:01,1807.91000,1808.09000,1807.84000,1807.95000,91
2020.11.27,13:02,1807.95000,1808.00000,1807.40000,1807.65000,116
2020.11.27,13:03,1807.65000,1807.85000,1807.61000,1807.81000,59
2020.11.27,13:04,1807.81000,1807.95000,1807.44000,1807.55000,44
2020.11.27,13:05,1807.55000,1807.56000,1807.36000,1807.37000,61
2020.11.27,13:06,1807.37000,1807.41000,1807.24000,1807.29000,43
2020.11.27,13:07,1807.29000,1807.52000,1807.22000,1807.49000,47
2020.11.27,13:08,1807.49000,1807.69000,1806.42000,1806.55000,153
2020.11.27,13:09,1806.55000,1807.24000,1806.06000,1806.97000,233
2020.11.27,13:10,1806.95000,1807.44000,1806.95000,1807.17000,112
2020.11.27,13:11,1807.17000,1807.17000,1806.99000,1807.01000,45
2020.11.27,13:12,1807.01000,1807.20000,1806.99000,1807.07000,88
2020.11.27,13:13,1807.07000,1807.67000,1806.97000,1807.38000,132
2020.11.27,13:14,1807.38000,1807.94000,1807.38000,1807.87000,137
2020.11.27,13:15,1807.87000,1807.99000,1807.55000,1807.62000,116
2020.11.27,13:16,1807.62000,1807.62000,1807.42000,1807.53000,81
2020.11.27,13:17,1807.53000,1807.63000,1807.38000,1807.53000,48
2020.11.27,13:18,1807.53000,1808.05000,1807.48000,1807.92000,59
2020.11.27,13:19,1807.92000,1808.03000,1807.59000,1807.64000,136
2020.11.27,13:20,1807.64000,1807.64000,1807.15000,1807.15000,102
2020.11.27,13:21,1807.15000,1807.30000,1807.04000,1807.22000,48
2020.11.27,13:22,1807.22000,1807.40000,1807.03000,1807.40000,96
2020.11.27,13:23,1807.40000,1807.52000,1807.16000,1807.30000,68
2020.11.27,13:24,1807.30000,1807.30000,1806.92000,1807.08000,79
2020.11.27,13:25,1807.08000,1807.18000,1806.78000,1807.18000,142
2020.11.27,13:26,1807.18000,1807.69000,1806.97000,1807.55000,148
2020.11.27,13:27,1807.55000,1807.77000,1807.37000,1807.75000,60
2020.11.27,13:28,1807.75000,1808.26000,1807.73000,1807.81000,148
2020.11.27,13:29,1807.81000,1807.81000,1806.89000,1807.23000,165
2020.11.27,13:30,1807.23000,1807.43000,1807.08000,1807.36000,75
2020.11.27,13:31,1807.36000,1807.79000,1806.98000,1807.73000,256
2020.11.27,13:32,1807.73000,1807.88000,1807.20000,1807.86000,166
2020.11.27,13:33,1807.86000,1807.92000,1807.20000,1807.37000,118
2020.11.27,13:34,1807.37000,1807.56000,1807.15000,1807.56000,57
2020.11.27,13:35,1807.56000,1807.69000,1807.36000,1807.45000,66
2020.11.27,13:36,1807.45000,1807.49000,1806.85000,1807.12000,65
2020.11.27,13:37,1807.16000,1807.16000,1806.28000,1806.42000,140
2020.11.27,13:38,1806.42000,1806.42000,1806.05000,1806.11000,183
2020.11.27,13:39,1806.11000,1806.29000,1806.00000,1806.21000,207
2020.11.27,13:40,1806.21000,1806.39000,1806.07000,1806.14000,115
2020.11.27,13:41,1806.17000,1806.28000,1805.53000,1806.06000,210
2020.11.27,13:42,1806.08000,1806.25000,1805.40000,1805.40000,174
2020.11.27,13:43,1805.40000,1806.30000,1805.38000,1806.14000,183
2020.11.27,13:44,1806.14000,1806.22000,1805.62000,1805.68000,108
2020.11.27,13:45,1805.68000,1806.32000,1805.55000,1806.32000,119
2020.11.27,13:46,1806.38000,1806.45000,1806.22000,1806.38000,90
2020.11.27,13:47,1806.38000,1806.74000,1806.29000,1806.51000,42
2020.11.27,13:48,1806.51000,1806.73000,1806.50000,1806.73000,64
2020.11.27,13:49,1806.72000,1806.72000,1806.38000,1806.38000,81
2020.11.27,13:50,1806.38000,1806.46000,1806.04000,1806.04000,130
2020.11.27,13:51,1806.04000,1806.09000,1805.91000,1805.96000,96
2020.11.27,13:52,1805.98000,1806.75000,1805.95000,1806.74000,175
2020.11.27,13:53,1806.74000,1806.95000,1806.16000,1806.23000,203
2020.11.27,13:54,1806.23000,1806.30000,1805.79000,1805.96000,160
2020.11.27,13:55,1805.96000,1806.10000,1805.79000,1806.02000,53
2020.11.27,13:56,1806.02000,1806.02000,1805.58000,1805.70000,124
2020.11.27,13:57,1805.69000,1806.09000,1805.64000,1806.09000,88
2020.11.27,13:58,1806.09000,1806.49000,1805.99000,1806.22000,114
2020.11.27,13:59,1806.22000,1806.30000,1806.01000,1806.29000,146
2020.11.27,14:00,1806.29000,1806.29000,1805.92000,1806.06000,153
2020.11.27,14:01,1806.06000,1806.49000,1806.01000,1806.42000,133
2020.11.27,14:02,1806.42000,1807.24000,1806.33000,1807.17000,88
2020.11.27,14:03,1807.17000,1807.22000,1806.90000,1806.90000,75
2020.11.27,14:04,1806.90000,1806.93000,1806.64000,1806.77000,78
2020.11.27,14:05,1806.77000,1806.89000,1806.54000,1806.87000,86
2020.11.27,14:06,1806.87000,1807.16000,1806.84000,1807.07000,107
2020.11.27,14:07,1807.07000,1807.15000,1806.44000,1806.48000,120
2020.11.27,14:08,1806.48000,1806.64000,1806.42000,1806.49000,78
2020.11.27,14:09,1806.49000,1806.69000,1806.48000,1806.57000,74
2020.11.27,14:10,1806.57000,1806.58000,1806.26000,1806.26000,175
2020.11.27,14:11,1806.26000,1806.34000,1805.94000,1806.28000,133
2020.11.27,14:12,1806.28000,1806.56000,1806.26000,1806.56000,53
2020.11.27,14:13,1806.56000,1806.65000,1806.44000,1806.52000,111
2020.11.27,14:14,1806.52000,1806.53000,1805.75000,1806.10000,246
2020.11.27,14:15,1806.14000,1806.91000,1805.99000,1806.91000,117
2020.11.27,14:16,1806.91000,1807.47000,1806.83000,1807.38000,190
2020.11.27,14:17,1807.38000,1807.42000,1806.24000,1806.26000,148
2020.11.27,14:18,1806.26000,1806.68000,1805.99000,1806.65000,138
2020.11.27,14:19,1806.65000,1806.71000,1805.91000,1806.05000,170
2020.11.27,14:20,1806.05000,1806.10000,1805.20000,1805.20000,145
2020.11.27,14:21,1805.20000,1805.71000,1804.34000,1805.65000,321
2020.11.27,14:22,1805.65000,1805.77000,1805.29000,1805.37000,131
2020.11.27,14:23,1805.37000,1805.60000,1805.21000,1805.46000,139
2020.11.27,14:24,1805.46000,1805.46000,1805.12000,1805.30000,146
2020.11.27,14:25,1805.30000,1805.57000,1805.08000,1805.49000,198
2020.11.27,14:26,1805.49000,1805.69000,1805.03000,1805.56000,177
2020.11.27,14:27,1805.56000,1805.63000,1805.19000,1805.39000,179
2020.11.27,14:28,1805.39000,1806.17000,1805.39000,1805.81000,230
2020.11.27,14:29,1805.81000,1806.13000,1805.55000,1806.12000,121
2020.11.27,14:30,1806.12000,1806.33000,1806.00000,1806.00000,125
2020.11.27,14:31,1806.00000,1806.00000,1805.73000,1805.73000,57
2020.11.27,14:32,1805.74000,1805.94000,1805.66000,1805.94000,73
2020.11.27,14:33,1805.94000,1806.22000,1805.87000,1805.97000,48
2020.11.27,14:34,1805.97000,1806.12000,1805.85000,1806.10000,69
2020.11.27,14:35,1806.10000,1806.40000,1806.10000,1806.40000,75
2020.11.27,14:36,1806.40000,1807.05000,1806.30000,1806.89000,133
2020.11.27,14:37,1806.89000,1807.29000,1806.82000,1807.19000,86
2020.11.27,14:38,1807.19000,1807.77000,1807.19000,1807.63000,123
2020.11.27,14:39,1807.63000,1807.89000,1807.42000,1807.60000,106
2020.11.27,14:40,1807.59000,1807.65000,1807.27000,1807.32000,89
2020.11.27,14:41,1807.32000,1807.58000,1807.21000,1807.55000,99
2020.11.27,14:42,1807.55000,1807.77000,1807.46000,1807.54000,51
2020.11.27,14:43,1807.54000,1807.60000,1807.40000,1807.60000,16
2020.11.27,14:44,1807.60000,1807.70000,1807.32000,1807.50000,138
2020.11.27,14:45,1807.50000,1807.61000,1807.38000,1807.46000,115
2020.11.27,14:46,1807.46000,1807.52000,1806.92000,1807.11000,88
2020.11.27,14:47,1807.11000,1807.34000,1806.95000,1807.05000,79
2020.11.27,14:48,1807.05000,1807.20000,1807.00000,1807.02000,75
2020.11.27,14:49,1807.02000,1807.13000,1806.96000,1806.98000,52
2020.11.27,14:50,1806.98000,1807.07000,1806.74000,1806.90000,107
2020.11.27,14:51,1806.90000,1807.07000,1806.80000,1806.96000,114
2020.11.27,14:52,1806.96000,1806.97000,1806.63000,1806.63000,92
2020.11.27,14:53,1806.63000,1807.02000,1806.55000,1806.91000,89
2020.11.27,14:54,1806.91000,1807.17000,1806.53000,1806.80000,124
2020.11.27,14:55,1806.80000,1807.05000,1806.77000,1806.77000,92
2020.11.27,14:56,1806.77000,1806.77000,1806.24000,1806.29000,149
2020.11.27,14:57,1806.29000,1806.38000,1806.17000,1806.19000,102
2020.11.27,14:58,1806.19000,1806.34000,1806.18000,1806.27000,92
2020.11.27,14:59,1806.27000,1806.76000,1806.26000,1806.62000,129
2020.11.27,15:00,1806.62000,1807.07000,1806.05000,1806.30000,276
2020.11.27,15:01,1806.30000,1806.32000,1805.28000,1805.54000,255
2020.11.27,15:02,1805.54000,1805.90000,1805.48000,1805.54000,81
2020.11.27,15:03,1805.54000,1805.62000,1804.93000,1805.44000,158
2020.11.27,15:04,1805.44000,1805.90000,1805.07000,1805.90000,154
2020.11.27,15:05,1805.90000,1806.48000,1805.64000,1806.37000,151
2020.11.27,15:06,1806.37000,1807.02000,1806.28000,1806.52000,181
2020.11.27,15:07,1806.52000,1806.52000,1805.81000,1805.83000,152
2020.11.27,15:08,1805.83000,1805.86000,1805.07000,1805.23000,371
2020.11.27,15:09,1805.23000,1805.23000,1803.40000,1803.48000,565
2020.11.27,15:10,1803.46000,1803.88000,1799.80000,1799.89000,826
2020.11.27,15:11,1799.89000,1799.95000,1797.60000,1798.66000,742
2020.11.27,15:12,1798.66000,1798.98000,1797.75000,1797.86000,716
2020.11.27,15:13,1797.86000,1797.86000,1792.92000,1795.10000,967
2020.11.27,15:14,1795.10000,1795.85000,1793.55000,1793.74000,686
2020.11.27,15:15,1793.67000,1794.48000,1792.42000,1792.91000,1113
2020.11.27,15:16,1792.91000,1794.83000,1792.46000,1794.46000,501
2020.11.27,15:17,1794.46000,1795.81000,1794.31000,1795.70000,604
2020.11.27,15:18,1795.70000,1796.98000,1795.24000,1796.89000,410
2020.11.27,15:19,1796.89000,1798.42000,1796.59000,1797.12000,753
2020.11.27,15:20,1797.11000,1798.31000,1796.60000,1797.76000,721
2020.11.27,15:21,1797.76000,1798.34000,1796.98000,1797.54000,466
2020.11.27,15:22,1797.54000,1797.54000,1795.85000,1796.68000,610
2020.11.27,15:23,1796.68000,1797.00000,1795.20000,1795.58000,540
2020.11.27,15:24,1795.58000,1795.97000,1795.34000,1795.43000,295
2020.11.27,15:25,1795.43000,1795.63000,1793.30000,1793.47000,782
2020.11.27,15:26,1793.47000,1794.71000,1793.26000,1794.20000,594
2020.11.27,15:27,1794.20000,1794.66000,1793.37000,1794.23000,641
2020.11.27,15:28,1794.23000,1794.90000,1793.68000,1794.55000,592
2020.11.27,15:29,1794.55000,1794.61000,1793.35000,1794.06000,542
2020.11.27,15:30,1794.06000,1794.64000,1790.11000,1790.21000,794
2020.11.27,15:31,1790.25000,1791.89000,1789.47000,1789.95000,1044
2020.11.27,15:32,1789.95000,1789.95000,1783.24000,1783.26000,1331
2020.11.27,15:33,1783.26000,1784.98000,1783.06000,1784.50000,916
2020.11.27,15:34,1784.50000,1784.66000,1782.14000,1783.16000,911
2020.11.27,15:35,1783.16000,1785.50000,1782.88000,1785.33000,915
2020.11.27,15:36,1785.36000,1785.77000,1784.92000,1785.77000,603
2020.11.27,15:37,1785.77000,1785.95000,1784.02000,1785.49000,542
2020.11.27,15:38,1785.49000,1786.75000,1785.48000,1786.68000,446
2020.11.27,15:39,1786.68000,1787.53000,1785.77000,1786.03000,528
2020.11.27,15:40,1786.03000,1786.19000,1785.10000,1785.80000,459
2020.11.27,15:41,1785.80000,1785.83000,1784.50000,1785.56000,357
2020.11.27,15:42,1785.56000,1785.77000,1784.16000,1784.31000,418
2020.11.27,15:43,1784.31000,1784.31000,1781.79000,1781.81000,543
2020.11.27,15:44,1781.81000,1782.83000,1780.87000,1782.11000,768
2020.11.27,15:45,1782.11000,1783.21000,1781.96000,1782.84000,549
2020.11.27,15:46,1782.87000,1783.94000,1782.54000,1783.24000,668
2020.11.27,15:47,1783.24000,1783.90000,1782.60000,1783.67000,596
2020.11.27,15:48,1783.67000,1784.06000,1782.47000,1782.67000,552
2020.11.27,15:49,1782.67000,1783.42000,1782.38000,1783.21000,548
2020.11.27,15:50,1783.21000,1783.29000,1782.15000,1782.71000,464
2020.11.27,15:51,1782.71000,1783.13000,1781.51000,1782.89000,631
2020.11.27,15:52,1782.88000,1782.95000,1781.21000,1781.40000,619
2020.11.27,15:53,1781.40000,1781.82000,1779.45000,1779.80000,753
2020.11.27,15:54,1779.80000,1781.13000,1777.83000,1777.94000,689
2020.11.27,15:55,1777.95000,1778.02000,1774.59000,1775.62000,1374
2020.11.27,15:56,1775.62000,1777.12000,1775.54000,1777.09000,512
2020.11.27,15:57,1777.11000,1779.39000,1777.10000,1779.27000,688
2020.11.27,15:58,1779.26000,1780.22000,1776.76000,1779.44000,835
2020.11.27,15:59,1779.44000,1779.47000,1778.16000,1778.48000,531
2020.11.27,16:00,1778.55000,1779.60000,1777.78000,1779.06000,518
2020.11.27,16:01,1779.06000,1779.75000,1778.61000,1779.10000,479
2020.11.27,16:02,1779.10000,1779.59000,1778.34000,1779.10000,438
2020.11.27,16:03,1779.10000,1779.88000,1778.92000,1779.56000,395
2020.11.27,16:04,1779.56000,1779.81000,1778.63000,1778.87000,463
2020.11.27,16:05,1778.87000,1779.81000,1778.43000,1779.81000,282
2020.11.27,16:06,1779.81000,1779.81000,1775.72000,1776.22000,759
2020.11.27,16:07,1776.22000,1777.34000,1776.09000,1776.50000,676
2020.11.27,16:08,1776.50000,1776.51000,1775.07000,1775.53000,709
2020.11.27,16:09,1775.53000,1776.69000,1775.36000,1776.12000,517
2020.11.27,16:10,1776.12000,1776.65000,1775.53000,1776.53000,460
2020.11.27,16:11,1776.53000,1777.86000,1775.81000,1775.94000,502
2020.11.27,16:12,1775.94000,1776.36000,1775.57000,1775.95000,452
2020.11.27,16:13,1775.95000,1776.57000,1774.94000,1775.04000,470
2020.11.27,16:14,1775.04000,1776.08000,1774.88000,1775.83000,528
2020.11.27,16:15,1775.83000,1776.25000,1774.32000,1775.87000,533
2020.11.27,16:16,1775.86000,1776.62000,1775.29000,1776.41000,455
2020.11.27,16:17,1776.41000,1778.25000,1776.22000,1777.38000,582
2020.11.27,16:18,1777.38000,1777.84000,1776.96000,1777.84000,643
2020.11.27,16:19,1777.84000,1778.71000,1777.62000,1778.54000,442
2020.11.27,16:20,1778.54000,1779.64000,1777.90000,1779.31000,395
2020.11.27,16:21,1779.31000,1779.40000,1778.95000,1779.04000,175
2020.11.27,16:22,1779.04000,1780.28000,1778.95000,1779.09000,653
2020.11.27,16:23,1779.09000,1780.52000,1779.09000,1780.52000,376
2020.11.27,16:24,1780.52000,1780.88000,1780.37000,1780.70000,316
2020.11.27,16:25,1780.70000,1780.74000,1779.62000,1779.82000,318
2020.11.27,16:26,1779.82000,1780.52000,1779.28000,1780.52000,317
2020.11.27,16:27,1780.52000,1780.73000,1779.76000,1780.05000,319
2020.11.27,16:28,1780.05000,1780.86000,1779.81000,1780.27000,225
2020.11.27,16:29,1780.27000,1780.27000,1778.59000,1778.59000,289
2020.11.27,16:30,1778.59000,1779.06000,1777.57000,1778.68000,784
2020.11.27,16:31,1778.68000,1780.18000,1778.48000,1779.92000,315
2020.11.27,16:32,1779.92000,1780.83000,1779.92000,1780.59000,417
2020.11.27,16:33,1780.60000,1780.77000,1779.19000,1779.80000,530
2020.11.27,16:34,1779.80000,1780.56000,1779.63000,1780.03000,400
2020.11.27,16:35,1780.03000,1780.47000,1778.92000,1778.97000,583
2020.11.27,16:36,1778.97000,1781.12000,1778.31000,1780.66000,1320
2020.11.27,16:37,1780.66000,1780.66000,1779.92000,1780.24000,433
2020.11.27,16:38,1780.24000,1780.86000,1778.99000,1779.28000,1094
2020.11.27,16:39,1779.28000,1780.20000,1779.04000,1779.86000,860
2020.11.27,16:40,1779.86000,1780.15000,1779.30000,1779.40000,312
2020.11.27,16:41,1779.40000,1779.83000,1778.81000,1779.35000,1010
2020.11.27,16:42,1779.35000,1780.31000,1778.99000,1780.23000,992
2020.11.27,16:43,1780.23000,1781.50000,1779.47000,1780.99000,911
2020.11.27,16:44,1780.99000,1781.35000,1780.48000,1781.35000,855
2020.11.27,16:45,1781.35000,1783.95000,1781.26000,1781.72000,732
2020.11.27,16:46,1781.72000,1782.34000,1781.33000,1781.90000,863
2020.11.27,16:47,1781.90000,1783.20000,1781.76000,1782.91000,418
2020.11.27,16:48,1782.89000,1783.00000,1781.30000,1781.75000,763
2020.11.27,16:49,1781.75000,1781.92000,1779.53000,1779.53000,945
2020.11.27,16:50,1779.59000,1780.10000,1779.44000,1779.81000,666
2020.11.27,16:51,1779.81000,1780.60000,1779.73000,1779.96000,508
2020.11.27,16:52,1779.96000,1780.67000,1779.75000,1780.55000,341
2020.11.27,16:53,1780.55000,1781.04000,1780.43000,1781.04000,277
2020.11.27,16:54,1781.04000,1782.05000,1781.04000,1781.90000,240
2020.11.27,16:55,1781.90000,1782.68000,1781.89000,1782.18000,493
2020.11.27,16:56,1782.18000,1782.21000,1780.86000,1781.06000,496
2020.11.27,16:57,1781.06000,1781.25000,1780.03000,1780.96000,511
2020.11.27,16:58,1780.96000,1781.00000,1779.85000,1779.97000,610
2020.11.27,16:59,1779.97000,1780.63000,1778.89000,1778.99000,933
2020.11.27,17:00,1778.99000,1779.26000,1778.48000,1779.12000,1306
2020.11.27,17:01,1779.11000,1780.55000,1779.05000,1780.46000,1016
2020.11.27,17:02,1780.46000,1780.99000,1779.51000,1779.75000,752
2020.11.27,17:03,1779.75000,1780.44000,1779.75000,1779.99000,368
2020.11.27,17:04,1779.99000,1780.43000,1779.66000,1779.76000,252
2020.11.27,17:05,1779.76000,1780.24000,1779.69000,1779.83000,269
2020.11.27,17:06,1779.83000,1780.13000,1779.39000,1779.53000,552
2020.11.27,17:07,1779.53000,1779.78000,1779.02000,1779.70000,406
2020.11.27,17:08,1779.70000,1779.99000,1779.41000,1779.43000,394
2020.11.27,17:09,1779.42000,1780.28000,1779.42000,1780.09000,315
2020.11.27,17:10,1780.09000,1780.09000,1778.20000,1778.36000,470
2020.11.27,17:11,1778.36000,1778.85000,1778.01000,1778.01000,532
2020.11.27,17:12,1778.01000,1779.17000,1777.95000,1779.10000,359
2020.11.27,17:13,1779.10000,1780.50000,1779.10000,1780.24000,306
2020.11.27,17:14,1780.24000,1780.69000,1779.80000,1780.64000,241
2020.11.27,17:15,1780.64000,1780.64000,1779.97000,1780.03000,160
2020.11.27,17:16,1780.03000,1781.00000,1779.97000,1780.30000,235
2020.11.27,17:17,1780.30000,1780.56000,1779.99000,1780.31000,320
2020.11.27,17:18,1780.31000,1780.86000,1780.31000,1780.65000,242
2020.11.27,17:19,1780.65000,1780.97000,1780.41000,1780.65000,319
2020.11.27,17:20,1780.65000,1780.77000,1780.02000,1780.23000,281
2020.11.27,17:21,1780.23000,1780.91000,1780.22000,1780.69000,329
2020.11.27,17:22,1780.69000,1781.13000,1780.54000,1780.64000,279
2020.11.27,17:23,1780.64000,1780.66000,1780.31000,1780.39000,207
2020.11.27,17:24,1780.39000,1781.22000,1780.28000,1781.17000,233
2020.11.27,17:25,1781.17000,1781.88000,1781.10000,1781.32000,420
2020.11.27,17:26,1781.32000,1781.82000,1780.94000,1781.59000,273
2020.11.27,17:27,1781.59000,1782.11000,1781.49000,1782.03000,174
2020.11.27,17:28,1782.03000,1782.52000,1781.87000,1782.52000,431
2020.11.27,17:29,1782.52000,1783.00000,1782.30000,1782.75000,725
2020.11.27,17:30,1782.75000,1783.99000,1782.30000,1783.97000,434
2020.11.27,17:31,1783.97000,1784.05000,1782.74000,1782.78000,462
2020.11.27,17:32,1782.81000,1783.14000,1782.78000,1782.94000,319
2020.11.27,17:33,1782.94000,1783.35000,1781.98000,1783.30000,370
2020.11.27,17:34,1783.30000,1783.90000,1782.61000,1783.54000,337
2020.11.27,17:35,1783.54000,1783.93000,1783.29000,1783.92000,170
2020.11.27,17:36,1783.92000,1784.12000,1783.31000,1783.98000,223
2020.11.27,17:37,1783.98000,1784.27000,1783.58000,1783.78000,254
2020.11.27,17:38,1783.78000,1783.89000,1783.06000,1783.17000,241
2020.11.27,17:39,1783.17000,1783.59000,1782.91000,1782.93000,159
2020.11.27,17:40,1782.91000,1784.11000,1782.91000,1784.01000,362
2020.11.27,17:41,1784.01000,1784.20000,1783.38000,1783.95000,465
2020.11.27,17:42,1783.95000,1785.39000,1783.95000,1784.29000,434
2020.11.27,17:43,1784.29000,1784.57000,1783.71000,1784.37000,190
2020.11.27,17:44,1784.37000,1785.01000,1784.12000,1784.80000,223
2020.11.27,17:45,1784.80000,1785.10000,1784.04000,1784.09000,158
2020.11.27,17:46,1784.09000,1784.14000,1783.27000,1783.72000,149
2020.11.27,17:47,1783.72000,1784.04000,1783.45000,1783.66000,213
2020.11.27,17:48,1783.66000,1783.90000,1782.74000,1782.82000,222
2020.11.27,17:49,1782.82000,1783.10000,1781.95000,1782.20000,228
2020.11.27,17:50,1782.20000,1782.57000,1782.04000,1782.33000,155
2020.11.27,17:51,1782.33000,1782.68000,1782.30000,1782.66000,213
2020.11.27,17:52,1782.66000,1782.76000,1782.27000,1782.41000,163
2020.11.27,17:53,1782.41000,1782.68000,1781.95000,1782.41000,164
2020.11.27,17:54,1782.41000,1783.22000,1782.30000,1782.92000,220
2020.11.27,17:55,1782.92000,1783.30000,1782.62000,1782.79000,225
2020.11.27,17:56,1782.79000,1783.02000,1782.39000,1782.55000,238
2020.11.27,17:57,1782.55000,1783.01000,1781.92000,1782.02000,228
2020.11.27,17:58,1782.02000,1782.32000,1781.75000,1782.17000,199
2020.11.27,17:59,1782.17000,1782.35000,1781.84000,1782.02000,199
2020.11.27,18:00,1782.02000,1782.81000,1781.76000,1782.76000,305
2020.11.27,18:01,1782.76000,1782.79000,1782.04000,1782.17000,323
2020.11.27,18:02,1782.17000,1782.54000,1782.07000,1782.26000,216
2020.11.27,18:03,1782.26000,1782.38000,1782.00000,1782.22000,164
2020.11.27,18:04,1782.22000,1782.90000,1782.22000,1782.75000,199
2020.11.27,18:05,1782.75000,1783.16000,1782.53000,1782.92000,251
2020.11.27,18:06,1782.92000,1783.29000,1782.67000,1783.29000,163
2020.11.27,18:07,1783.29000,1783.83000,1782.99000,1783.42000,319
2020.11.27,18:08,1783.42000,1784.07000,1783.20000,1784.02000,264
2020.11.27,18:09,1784.02000,1784.25000,1783.46000,1783.62000,305
2020.11.27,18:10,1783.62000,1784.15000,1783.53000,1783.93000,205
2020.11.27,18:11,1783.93000,1785.03000,1783.84000,1784.55000,391
2020.11.27,18:12,1784.53000,1784.53000,1783.34000,1784.00000,384
2020.11.27,18:13,1784.00000,1784.43000,1783.91000,1784.10000,141
2020.11.27,18:14,1784.10000,1784.86000,1784.09000,1784.65000,143
2020.11.27,18:15,1784.65000,1785.72000,1784.34000,1785.43000,219
2020.11.27,18:16,1785.43000,1785.73000,1785.33000,1785.73000,166
2020.11.27,18:17,1785.73000,1786.06000,1785.48000,1785.69000,218
2020.11.27,18:18,1785.69000,1786.40000,1785.44000,1785.83000,238
2020.11.27,18:19,1785.83000,1786.14000,1785.59000,1786.12000,243
2020.11.27,18:20,1786.12000,1786.27000,1785.50000,1785.75000,281
2020.11.27,18:21,1785.75000,1785.80000,1784.95000,1785.22000,258
2020.11.27,18:22,1785.22000,1785.97000,1785.22000,1785.50000,220
2020.11.27,18:23,1785.50000,1785.61000,1785.29000,1785.61000,136
2020.11.27,18:24,1785.61000,1785.83000,1785.48000,1785.80000,113
2020.11.27,18:25,1785.80000,1785.80000,1785.42000,1785.46000,126
2020.11.27,18:26,1785.46000,1786.52000,1785.46000,1786.05000,251
2020.11.27,18:27,1786.05000,1786.28000,1785.85000,1785.85000,121
2020.11.27,18:28,1785.85000,1786.23000,1785.84000,1786.13000,139
2020.11.27,18:29,1786.13000,1786.29000,1785.96000,1786.02000,90
2020.11.27,18:30,1786.02000,1786.37000,1785.72000,1786.19000,220
2020.11.27,18:31,1786.19000,1787.09000,1786.08000,1786.78000,185
2020.11.27,18:32,1786.78000,1787.47000,1786.62000,1787.14000,191
2020.11.27,18:33,1787.14000,1787.57000,1786.78000,1787.32000,224
2020.11.27,18:34,1787.32000,1788.73000,1787.18000,1788.46000,325
2020.11.27,18:35,1788.46000,1788.75000,1787.91000,1788.25000,338
2020.11.27,18:36,1788.25000,1788.30000,1786.89000,1786.97000,423
2020.11.27,18:37,1786.97000,1786.97000,1785.90000,1786.85000,561
2020.11.27,18:38,1786.85000,1786.86000,1785.92000,1786.37000,383
2020.11.27,18:39,1786.37000,1786.75000,1786.33000,1786.41000,236
2020.11.27,18:40,1786.41000,1787.02000,1786.39000,1786.60000,322
2020.11.27,18:41,1786.60000,1786.64000,1785.85000,1785.88000,425
2020.11.27,18:42,1785.88000,1786.17000,1784.99000,1785.03000,497
2020.11.27,18:43,1785.03000,1785.94000,1785.03000,1785.94000,338
2020.11.27,18:44,1785.94000,1786.25000,1785.78000,1785.83000,239
2020.11.27,18:45,1785.83000,1786.08000,1785.64000,1785.83000,147
2020.11.27,18:46,1785.83000,1786.06000,1785.43000,1785.46000,135
2020.11.27,18:47,1785.46000,1785.85000,1785.36000,1785.72000,194
2020.11.27,18:48,1785.72000,1786.34000,1785.67000,1786.29000,144
2020.11.27,18:49,1786.29000,1786.35000,1785.38000,1786.16000,224
2020.11.27,18:50,1786.16000,1786.30000,1785.91000,1786.19000,126
2020.11.27,18:51,1786.19000,1786.19000,1785.93000,1786.12000,85
2020.11.27,18:52,1786.12000,1786.12000,1785.86000,1785.88000,95
2020.11.27,18:53,1785.88000,1785.99000,1785.64000,1785.84000,82
2020.11.27,18:54,1785.84000,1786.08000,1785.65000,1786.07000,85
2020.11.27,18:55,1786.07000,1786.28000,1786.05000,1786.18000,116
2020.11.27,18:56,1786.16000,1786.28000,1785.68000,1785.88000,131
2020.11.27,18:57,1785.88000,1785.88000,1784.79000,1785.17000,315
2020.11.27,18:58,1785.17000,1785.50000,1784.21000,1784.43000,643
2020.11.27,18:59,1784.43000,1785.17000,1784.30000,1784.72000,625
2020.11.27,19:00,1784.72000,1784.98000,1784.41000,1784.57000,323
2020.11.27,19:01,1784.57000,1784.64000,1784.25000,1784.49000,198
2020.11.27,19:02,1784.49000,1785.10000,1784.47000,1785.05000,248
2020.11.27,19:03,1785.05000,1785.31000,1784.88000,1785.30000,127
2020.11.27,19:04,1785.30000,1785.96000,1785.30000,1785.96000,157
2020.11.27,19:05,1785.96000,1785.98000,1785.40000,1785.68000,89
2020.11.27,19:06,1785.68000,1785.75000,1785.22000,1785.30000,142
2020.11.27,19:07,1785.30000,1785.63000,1785.25000,1785.42000,216
2020.11.27,19:08,1785.42000,1785.49000,1785.22000,1785.24000,246
2020.11.27,19:09,1785.24000,1785.55000,1785.16000,1785.28000,160
2020.11.27,19:10,1785.28000,1785.39000,1785.00000,1785.35000,146
2020.11.27,19:11,1785.35000,1785.59000,1785.33000,1785.59000,137
2020.11.27,19:12,1785.59000,1785.61000,1785.24000,1785.35000,118
2020.11.27,19:13,1785.35000,1785.55000,1785.21000,1785.45000,198
2020.11.27,19:14,1785.45000,1785.54000,1785.29000,1785.39000,98
2020.11.27,19:15,1785.39000,1785.39000,1784.84000,1785.07000,187
2020.11.27,19:16,1785.07000,1785.20000,1784.91000,1785.03000,52
2020.11.27,19:17,1785.03000,1785.24000,1784.94000,1785.23000,43
2020.11.27,19:18,1785.23000,1785.33000,1784.85000,1784.90000,37
2020.11.27,19:19,1784.90000,1784.98000,1784.89000,1784.91000,41
2020.11.27,19:20,1784.91000,1785.26000,1784.89000,1784.94000,65
2020.11.27,19:21,1784.93000,1785.73000,1784.93000,1785.73000,127
2020.11.27,19:22,1785.73000,1785.92000,1785.41000,1785.75000,130
2020.11.27,19:23,1785.75000,1785.75000,1785.27000,1785.66000,121
2020.11.27,19:24,1785.66000,1785.95000,1785.53000,1785.66000,160
2020.11.27,19:25,1785.66000,1785.91000,1785.55000,1785.62000,97
2020.11.27,19:26,1785.62000,1785.71000,1785.30000,1785.41000,132
2020.11.27,19:27,1785.41000,1785.69000,1785.11000,1785.26000,152
2020.11.27,19:28,1785.26000,1785.38000,1785.06000,1785.30000,131
2020.11.27,19:29,1785.30000,1785.42000,1785.13000,1785.29000,347
2020.11.27,19:30,1785.29000,1786.06000,1785.12000,1785.20000,427
2020.11.27,19:31,1785.20000,1785.39000,1785.01000,1785.28000,446
2020.11.27,19:32,1785.28000,1785.47000,1785.13000,1785.34000,358
2020.11.27,19:33,1785.34000,1785.40000,1785.09000,1785.16000,357
2020.11.27,19:34,1785.16000,1785.28000,1785.04000,1785.23000,602
2020.11.27,19:35,1785.24000,1785.78000,1785.12000,1785.60000,300
2020.11.27,19:36,1785.60000,1785.79000,1785.21000,1785.37000,302
2020.11.27,19:37,1785.37000,1785.68000,1785.28000,1785.39000,387
2020.11.27,19:38,1785.40000,1785.43000,1785.28000,1785.30000,219
2020.11.27,19:39,1785.30000,1785.36000,1785.02000,1785.24000,300
2020.11.27,19:40,1785.24000,1785.74000,1785.24000,1785.72000,228
2020.11.27,19:41,1785.72000,1785.79000,1785.45000,1785.60000,135
2020.11.27,19:42,1785.60000,1786.14000,1785.50000,1786.06000,93
2020.11.27,19:43,1786.06000,1786.74000,1786.06000,1786.65000,329
2020.11.27,19:44,1786.65000,1787.36000,1786.47000,1787.25000,217
2020.11.27,19:45,1787.25000,1788.02000,1786.76000,1787.93000,344
2020.11.27,19:46,1787.93000,1788.15000,1787.62000,1787.90000,296
2020.11.27,19:47,1787.90000,1788.54000,1787.69000,1788.50000,748
2020.11.27,19:48,1788.50000,1788.58000,1788.11000,1788.24000,427
2020.11.27,19:49,1788.24000,1788.34000,1787.64000,1787.65000,528
2020.11.27,19:50,1787.65000,1788.02000,1787.64000,1787.80000,616
2020.11.27,19:51,1787.80000,1787.85000,1787.53000,1787.73000,211
2020.11.27,19:52,1787.73000,1787.99000,1787.56000,1787.57000,307
2020.11.27,19:53,1787.58000,1787.80000,1787.36000,1787.48000,307
2020.11.27,19:54,1787.48000,1787.55000,1787.22000,1787.35000,490
2020.11.27,19:55,1787.35000,1787.53000,1786.99000,1787.02000,672
2020.11.27,19:56,1787.02000,1787.21000,1786.74000,1786.77000,535
2020.11.27,19:57,1786.76000,1787.48000,1786.74000,1787.48000,663
2020.11.27,19:58,1787.48000,1788.04000,1787.45000,1788.03000,740
2020.11.27,19:59,1788.03000,1788.12000,1787.68000,1787.92000,584
2020.11.27,20:00,1787.93000,1788.12000,1787.70000,1787.76000,134
2020.11.27,20:01,1787.76000,1787.91000,1787.35000,1787.35000,98
2020.11.27,20:02,1787.35000,1787.40000,1786.81000,1786.82000,65
2020.11.27,20:03,1786.82000,1786.84000,1786.53000,1786.53000,60
2020.11.27,20:04,1786.53000,1786.54000,1785.93000,1786.15000,133
2020.11.27,20:05,1786.17000,1786.21000,1785.91000,1786.12000,126
2020.11.27,20:06,1786.12000,1786.17000,1785.97000,1786.11000,74
2020.11.27,20:07,1786.11000,1786.28000,1786.09000,1786.28000,32
2020.11.27,20:08,1786.28000,1786.73000,1785.95000,1785.97000,98
2020.11.27,20:09,1785.97000,1786.63000,1785.97000,1786.56000,65
2020.11.27,20:10,1786.56000,1786.56000,1786.12000,1786.36000,67
2020.11.27,20:11,1786.36000,1787.03000,1786.29000,1786.95000,86
2020.11.27,20:12,1786.95000,1787.01000,1786.56000,1786.56000,36
2020.11.27,20:13,1786.56000,1787.08000,1786.53000,1786.84000,88
2020.11.27,20:14,1786.84000,1787.67000,1786.84000,1787.54000,131
2020.11.27,20:15,1787.54000,1788.40000,1787.49000,1787.87000,214
2020.11.27,20:16,1787.87000,1787.97000,1787.60000,1787.97000,87
2020.11.27,20:17,1787.97000,1788.08000,1787.17000,1787.21000,72
2020.11.27,20:18,1787.21000,1787.32000,1787.21000,1787.26000,14
2020.11.27,20:19,1787.26000,1787.35000,1786.53000,1786.57000,39
2020.11.27,20:20,1786.57000,1786.91000,1786.51000,1786.90000,40
2020.11.27,20:21,1786.90000,1787.03000,1786.86000,1786.91000,30
2020.11.27,20:22,1786.91000,1787.03000,1786.61000,1786.67000,74
2020.11.27,20:23,1786.67000,1786.95000,1786.62000,1786.91000,48
2020.11.27,20:24,1786.91000,1787.02000,1786.74000,1787.00000,51
2020.11.27,20:25,1787.02000,1788.16000,1787.02000,1787.59000,113
2020.11.27,20:26,1787.59000,1787.86000,1787.43000,1787.52000,63
2020.11.27,20:27,1787.52000,1787.71000,1787.33000,1787.46000,50
2020.11.27,20:28,1787.46000,1788.07000,1787.46000,1787.60000,77
2020.11.27,20:29,1787.60000,1788.31000,1787.27000,1787.56000,106
2020.11.27,20:30,1787.56000,1788.36000,1787.56000,1787.71000,54
2020.11.27,20:31,1787.71000,1787.71000,1787.40000,1787.41000,14
2020.11.27,20:32,1787.41000,1787.61000,1786.27000,1786.84000,101
2020.11.27,20:33,1786.84000,1786.86000,1786.18000,1786.86000,58
2020.11.27,20:34,1786.86000,1787.12000,1786.83000,1787.12000,18
2020.11.27,20:35,1787.12000,1787.53000,1787.08000,1787.35000,57
2020.11.27,20:36,1787.35000,1787.81000,1786.71000,1786.73000,98
2020.11.27,20:37,1786.73000,1786.91000,1786.56000,1786.61000,31
2020.11.27,20:38,1786.61000,1786.71000,1786.56000,1786.56000,25
2020.11.27,20:39,1786.56000,1786.58000,1786.46000,1786.47000,18
2020.11.27,20:40,1786.47000,1787.47000,1786.46000,1786.91000,133
2020.11.27,20:41,1786.91000,1787.02000,1786.85000,1786.88000,10
2020.11.27,20:42,1786.88000,1787.35000,1786.66000,1786.71000,53
2020.11.27,20:43,1786.71000,1787.21000,1786.41000,1786.88000,44
2020.11.27,20:44,1786.88000,1787.22000,1786.55000,1786.82000,49
2020.11.30,01:00,1796.92000,1796.92000,1786.12000,1788.13000,419
2020.11.30,01:01,1788.13000,1790.00000,1787.94000,1789.39000,188
2020.11.30,01:02,1789.39000,1789.42000,1788.64000,1788.84000,106
2020.11.30,01:03,1788.84000,1789.69000,1788.72000,1789.44000,88
2020.11.30,01:04,1789.44000,1789.44000,1788.29000,1789.32000,135
2020.11.30,01:05,1789.32000,1789.87000,1789.32000,1789.62000,128
2020.11.30,01:06,1789.62000,1789.62000,1788.95000,1788.98000,56
2020.11.30,01:07,1788.98000,1789.19000,1788.94000,1789.14000,50
2020.11.30,01:08,1789.14000,1789.18000,1788.96000,1789.09000,55
2020.11.30,01:09,1789.09000,1789.09000,1788.84000,1788.84000,67
2020.11.30,01:10,1788.84000,1788.84000,1788.30000,1788.30000,98
2020.11.30,01:11,1788.30000,1788.49000,1787.91000,1787.96000,71
2020.11.30,01:12,1787.96000,1788.04000,1787.22000,1787.28000,89
2020.11.30,01:13,1787.28000,1787.28000,1786.59000,1786.59000,70
2020.11.30,01:14,1786.59000,1786.98000,1786.59000,1786.97000,77
2020.11.30,01:15,1786.97000,1787.01000,1786.57000,1786.62000,45
2020.11.30,01:16,1786.62000,1787.00000,1786.60000,1786.95000,49
2020.11.30,01:17,1786.95000,1786.96000,1786.42000,1786.62000,109
2020.11.30,01:18,1786.62000,1786.66000,1786.51000,1786.58000,45
2020.11.30,01:19,1786.58000,1786.62000,1785.70000,1785.82000,74
2020.11.30,01:20,1785.82000,1786.11000,1785.82000,1786.01000,55
2020.11.30,01:21,1786.01000,1786.04000,1785.69000,1785.82000,38
2020.11.30,01:22,1785.82000,1785.83000,1785.35000,1785.82000,39
2020.11.30,01:23,1785.82000,1786.36000,1785.81000,1786.26000,45
2020.11.30,01:24,1786.26000,1786.46000,1786.08000,1786.34000,63
2020.11.30,01:25,1786.34000,1786.37000,1786.17000,1786.33000,37
2020.11.30,01:26,1786.33000,1786.36000,1786.24000,1786.30000,17
2020.11.30,01:27,1786.30000,1787.07000,1786.27000,1786.92000,76
2020.11.30,01:28,1786.92000,1786.97000,1786.75000,1786.97000,46
2020.11.30,01:29,1786.97000,1787.00000,1786.82000,1786.95000,33
2020.11.30,01:30,1786.95000,1787.01000,1786.50000,1786.63000,73
2020.11.30,01:31,1786.63000,1787.07000,1786.49000,1787.07000,65
2020.11.30,01:32,1787.07000,1787.14000,1786.64000,1786.65000,66
2020.11.30,01:33,1786.65000,1786.78000,1786.49000,1786.74000,82
2020.11.30,01:34,1786.74000,1786.91000,1786.73000,1786.82000,43
2020.11.30,01:35,1786.82000,1786.83000,1786.66000,1786.74000,26
2020.11.30,01:36,1786.74000,1786.96000,1786.73000,1786.86000,55
2020.11.30,01:37,1786.86000,1787.23000,1786.86000,1787.09000,45
2020.11.30,01:38,1787.09000,1787.18000,1787.00000,1787.18000,28
2020.11.30,01:39,1787.18000,1787.28000,1787.17000,1787.27000,13
2020.11.30,01:40,1787.26000,1787.36000,1787.26000,1787.26000,7
2020.11.30,01:41,1787.26000,1787.26000,1786.89000,1786.89000,36
2020.11.30,01:42,1786.89000,1787.04000,1786.81000,1786.81000,48
2020.11.30,01:43,1786.81000,1786.91000,1786.68000,1786.71000,21
2020.11.30,01:44,1786.71000,1786.91000,1786.71000,1786.82000,33
2020.11.30,01:45,1786.82000,1786.83000,1786.71000,1786.74000,39
2020.11.30,01:46,1786.74000,1786.78000,1786.71000,1786.73000,49
2020.11.30,01:47,1786.74000,1786.82000,1786.62000,1786.72000,56
2020.11.30,01:48,1786.71000,1786.76000,1786.61000,1786.71000,32
2020.11.30,01:49,1786.71000,1786.75000,1786.64000,1786.73000,22
2020.11.30,01:50,1786.73000,1786.82000,1786.73000,1786.78000,23
2020.11.30,01:51,1786.78000,1786.79000,1786.71000,1786.79000,41
2020.11.30,01:52,1786.79000,1787.11000,1786.65000,1787.01000,63
2020.11.30,01:53,1787.01000,1787.01000,1786.75000,1786.75000,46
2020.11.30,01:54,1786.75000,1786.85000,1786.63000,1786.69000,84
2020.11.30,01:55,1786.69000,1786.92000,1786.64000,1786.92000,61
2020.11.30,01:56,1786.92000,1787.10000,1786.92000,1787.08000,30
2020.11.30,01:57,1787.08000,1787.08000,1786.86000,1786.86000,25
2020.11.30,01:58,1786.86000,1786.91000,1786.55000,1786.85000,80
2020.11.30,01:59,1786.85000,1786.88000,1786.75000,1786.76000,41
2020.11.30,02:00,1786.82000,1786.82000,1786.21000,1786.24000,104
2020.11.30,02:01,1786.24000,1787.07000,1786.21000,1787.01000,117
2020.11.30,02:02,1787.04000,1787.10000,1786.68000,1786.93000,87
2020.11.30,02:03,1786.93000,1787.29000,1786.90000,1787.00000,78
2020.11.30,02:04,1787.00000,1787.49000,1786.80000,1786.83000,82
2020.11.30,02:05,1786.83000,1786.83000,1786.57000,1786.75000,82
2020.11.30,02:06,1786.75000,1786.76000,1786.58000,1786.73000,74
2020.11.30,02:07,1786.73000,1787.08000,1786.58000,1786.90000,54
2020.11.30,02:08,1786.90000,1786.91000,1786.73000,1786.81000,60
2020.11.30,02:09,1786.81000,1786.98000,1786.60000,1786.94000,56
2020.11.30,02:10,1786.94000,1786.94000,1786.69000,1786.73000,25
2020.11.30,02:11,1786.73000,1786.86000,1786.66000,1786.73000,39
2020.11.30,02:12,1786.73000,1786.87000,1786.62000,1786.64000,60
2020.11.30,02:13,1786.64000,1786.71000,1786.52000,1786.63000,66
2020.11.30,02:14,1786.63000,1786.66000,1786.55000,1786.66000,46
2020.11.30,02:15,1786.66000,1787.02000,1786.63000,1786.99000,42
2020.11.30,02:16,1787.03000,1787.26000,1786.53000,1786.72000,102
2020.11.30,02:17,1786.72000,1787.65000,1786.01000,1787.65000,235
2020.11.30,02:18,1787.65000,1787.67000,1787.45000,1787.66000,44
2020.11.30,02:19,1787.66000,1787.66000,1787.22000,1787.24000,34
2020.11.30,02:20,1787.24000,1787.24000,1786.34000,1786.41000,63
2020.11.30,02:21,1786.41000,1786.48000,1785.26000,1785.34000,163
2020.11.30,02:22,1785.34000,1785.57000,1785.10000,1785.28000,86
2020.11.30,02:23,1785.28000,1785.29000,1783.52000,1783.63000,254
2020.11.30,02:24,1783.63000,1783.63000,1781.98000,1782.54000,274
2020.11.30,02:25,1782.60000,1783.46000,1782.60000,1782.78000,137
2020.11.30,02:26,1782.80000,1783.00000,1782.38000,1782.85000,112
2020.11.30,02:27,1782.85000,1783.12000,1782.79000,1783.06000,89
2020.11.30,02:28,1783.06000,1783.21000,1782.87000,1782.92000,73
2020.11.30,02:29,1782.92000,1783.35000,1782.89000,1783.28000,64
2020.11.30,02:30,1783.28000,1783.36000,1783.05000,1783.10000,63
2020.11.30,02:31,1783.10000,1783.36000,1782.82000,1782.91000,69
2020.11.30,02:32,1782.91000,1782.91000,1781.11000,1781.12000,174
2020.11.30,02:33,1781.15000,1782.71000,1780.92000,1782.22000,263
2020.11.30,02:34,1782.22000,1782.49000,1782.12000,1782.31000,116
2020.11.30,02:35,1782.31000,1782.91000,1782.24000,1782.91000,124
2020.11.30,02:36,1782.91000,1782.91000,1782.45000,1782.52000,93
2020.11.30,02:37,1782.50000,1782.70000,1782.04000,1782.49000,115
2020.11.30,02:38,1782.49000,1782.49000,1781.64000,1781.86000,113
2020.11.30,02:39,1781.86000,1782.36000,1781.81000,1781.96000,67
2020.11.30,02:40,1781.96000,1782.37000,1781.94000,1782.10000,52
2020.11.30,02:41,1782.10000,1782.24000,1781.04000,1781.74000,343
2020.11.30,02:42,1781.74000,1781.86000,1780.94000,1781.83000,156
2020.11.30,02:43,1781.81000,1782.11000,1781.77000,1781.98000,93
2020.11.30,02:44,1781.98000,1782.25000,1781.88000,1782.10000,92
2020.11.30,02:45,1782.09000,1782.15000,1781.62000,1781.73000,76
2020.11.30,02:46,1781.74000,1781.90000,1781.50000,1781.63000,117
2020.11.30,02:47,1781.63000,1782.70000,1781.57000,1782.70000,112
2020.11.30,02:48,1782.70000,1783.03000,1782.66000,1782.95000,76
2020.11.30,02:49,1782.95000,1783.18000,1782.88000,1783.12000,73
2020.11.30,02:50,1783.11000,1783.36000,1782.93000,1783.11000,138
2020.11.30,02:51,1783.11000,1783.25000,1782.67000,1782.72000,99
2020.11.30,02:52,1782.74000,1783.29000,1782.64000,1783.25000,86
2020.11.30,02:53,1783.25000,1783.32000,1783.07000,1783.24000,94
2020.11.30,02:54,1783.23000,1783.41000,1783.13000,1783.17000,106
2020.11.30,02:55,1783.17000,1783.66000,1782.84000,1783.10000,214
2020.11.30,02:56,1783.10000,1783.10000,1782.51000,1782.72000,191
2020.11.30,02:57,1782.72000,1783.10000,1782.55000,1783.03000,128
2020.11.30,02:58,1783.03000,1783.24000,1782.97000,1783.24000,61
2020.11.30,02:59,1783.24000,1783.47000,1783.07000,1783.10000,84
2020.11.30,03:00,1783.10000,1783.54000,1782.47000,1783.22000,479
2020.11.30,03:01,1783.32000,1785.05000,1783.30000,1785.01000,431
2020.11.30,03:02,1785.01000,1785.12000,1784.40000,1784.66000,313
2020.11.30,03:03,1784.66000,1785.66000,1784.55000,1785.06000,247
2020.11.30,03:04,1785.06000,1785.30000,1784.62000,1785.00000,221
2020.11.30,03:05,1785.00000,1785.10000,1783.88000,1784.00000,241
2020.11.30,03:06,1784.00000,1784.05000,1783.00000,1783.16000,193
2020.11.30,03:07,1783.16000,1783.77000,1783.02000,1783.06000,167
2020.11.30,03:08,1783.06000,1783.06000,1782.64000,1782.89000,197
2020.11.30,03:09,1782.89000,1783.68000,1782.62000,1783.30000,245
2020.11.30,03:10,1783.30000,1783.44000,1782.20000,1783.36000,352
2020.11.30,03:11,1783.36000,1783.45000,1782.93000,1783.00000,206
2020.11.30,03:12,1783.00000,1783.24000,1782.78000,1782.99000,199
2020.11.30,03:13,1782.99000,1783.30000,1782.72000,1783.16000,157
2020.11.30,03:14,1783.16000,1783.57000,1782.58000,1783.33000,266
2020.11.30,03:15,1783.33000,1783.92000,1783.05000,1783.92000,142
2020.11.30,03:16,1783.92000,1784.28000,1783.91000,1784.00000,165
2020.11.30,03:17,1784.00000,1784.00000,1783.39000,1783.52000,102
2020.11.30,03:18,1783.52000,1783.74000,1783.35000,1783.66000,88
2020.11.30,03:19,1783.66000,1783.98000,1783.56000,1783.81000,86
2020.11.30,03:20,1783.81000,1784.23000,1783.64000,1783.71000,116
2020.11.30,03:21,1783.71000,1783.74000,1783.03000,1783.08000,67
2020.11.30,03:22,1783.08000,1783.19000,1782.73000,1782.94000,85
2020.11.30,03:23,1782.94000,1783.09000,1782.83000,1782.85000,68
2020.11.30,03:24,1782.85000,1783.06000,1782.79000,1782.81000,86
2020.11.30,03:25,1782.81000,1782.99000,1782.36000,1782.89000,146
2020.11.30,03:26,1782.89000,1783.14000,1781.62000,1782.47000,290
2020.11.30,03:27,1782.46000,1782.72000,1782.25000,1782.51000,140
2020.11.30,03:28,1782.51000,1783.04000,1782.06000,1782.92000,480
2020.11.30,03:29,1782.92000,1783.02000,1782.29000,1782.75000,338
2020.11.30,03:30,1782.75000,1782.81000,1781.43000,1781.63000,525
2020.11.30,03:31,1781.63000,1782.52000,1781.53000,1782.46000,350
2020.11.30,03:32,1782.46000,1782.93000,1782.21000,1782.68000,234
2020.11.30,03:33,1782.68000,1783.20000,1782.34000,1782.78000,515
2020.11.30,03:34,1782.78000,1783.01000,1782.47000,1782.93000,366
2020.11.30,03:35,1782.91000,1782.93000,1782.54000,1782.69000,397
2020.11.30,03:36,1782.70000,1783.13000,1782.24000,1783.08000,497
2020.11.30,03:37,1783.08000,1783.11000,1782.67000,1782.88000,225
2020.11.30,03:38,1782.88000,1782.91000,1782.32000,1782.32000,115
2020.11.30,03:39,1782.32000,1782.66000,1781.85000,1782.36000,178
2020.11.30,03:40,1782.36000,1782.90000,1782.29000,1782.51000,128
2020.11.30,03:41,1782.51000,1782.73000,1782.29000,1782.55000,172
2020.11.30,03:42,1782.55000,1782.82000,1782.45000,1782.52000,99
2020.11.30,03:43,1782.52000,1782.80000,1782.19000,1782.80000,105
2020.11.30,03:44,1782.80000,1783.35000,1782.77000,1783.24000,90
2020.11.30,03:45,1783.24000,1783.61000,1783.17000,1783.61000,104
2020.11.30,03:46,1783.61000,1784.21000,1783.03000,1783.32000,245
2020.11.30,03:47,1783.32000,1783.40000,1782.83000,1782.93000,209
2020.11.30,03:48,1782.93000,1783.07000,1782.80000,1782.87000,257
2020.11.30,03:49,1782.88000,1782.94000,1782.37000,1782.89000,212
2020.11.30,03:50,1782.89000,1783.20000,1782.64000,1783.16000,112
2020.11.30,03:51,1783.13000,1783.16000,1782.68000,1782.87000,72
2020.11.30,03:52,1782.87000,1783.00000,1782.53000,1782.66000,62
2020.11.30,03:53,1782.66000,1782.76000,1782.47000,1782.74000,76
2020.11.30,03:54,1782.74000,1782.84000,1782.68000,1782.73000,56
2020.11.30,03:55,1782.74000,1783.30000,1782.74000,1783.09000,60
2020.11.30,03:56,1783.09000,1783.24000,1782.82000,1783.01000,89
2020.11.30,03:57,1783.01000,1783.09000,1782.60000,1782.64000,88
2020.11.30,03:58,1782.64000,1782.84000,1782.24000,1782.30000,104
2020.11.30,03:59,1782.30000,1783.02000,1782.23000,1783.02000,147
2020.11.30,04:00,1783.02000,1783.02000,1782.10000,1782.19000,162
2020.11.30,04:01,1782.19000,1782.36000,1782.11000,1782.17000,89
2020.11.30,04:02,1782.17000,1782.17000,1781.45000,1781.94000,229
2020.11.30,04:03,1781.94000,1782.01000,1781.72000,1781.91000,122
2020.11.30,04:04,1781.91000,1782.50000,1781.81000,1782.25000,72
2020.11.30,04:05,1782.25000,1782.40000,1781.80000,1781.88000,109
2020.11.30,04:06,1781.88000,1782.20000,1781.83000,1781.96000,111
2020.11.30,04:07,1781.96000,1782.16000,1781.66000,1781.85000,133
2020.11.30,04:08,1781.85000,1781.95000,1781.69000,1781.91000,93
2020.11.30,04:09,1781.91000,1781.94000,1781.80000,1781.92000,66
2020.11.30,04:10,1781.92000,1782.23000,1781.63000,1782.15000,111
2020.11.30,04:11,1782.15000,1782.15000,1781.66000,1781.84000,113
2020.11.30,04:12,1781.84000,1782.08000,1781.68000,1781.75000,53
2020.11.30,04:13,1781.75000,1781.90000,1781.56000,1781.64000,132
2020.11.30,04:14,1781.64000,1782.24000,1780.84000,1782.06000,371
2020.11.30,04:15,1782.06000,1782.17000,1780.99000,1781.11000,207
2020.11.30,04:16,1781.11000,1781.49000,1780.80000,1781.41000,112
2020.11.30,04:17,1781.41000,1781.71000,1781.33000,1781.61000,96
2020.11.30,04:18,1781.61000,1781.74000,1781.51000,1781.64000,104
2020.11.30,04:19,1781.64000,1781.70000,1781.37000,1781.41000,154
2020.11.30,04:20,1781.41000,1781.84000,1781.41000,1781.78000,79
2020.11.30,04:21,1781.78000,1781.96000,1781.73000,1781.88000,114
2020.11.30,04:22,1781.88000,1781.99000,1781.71000,1781.83000,50
2020.11.30,04:23,1781.83000,1781.98000,1781.80000,1781.96000,39
2020.11.30,04:24,1781.96000,1782.54000,1781.96000,1782.52000,128
2020.11.30,04:25,1782.52000,1782.52000,1782.24000,1782.32000,51
2020.11.30,04:26,1782.33000,1782.37000,1782.28000,1782.33000,24
2020.11.30,04:27,1782.33000,1782.33000,1782.20000,1782.26000,36
2020.11.30,04:28,1782.26000,1782.28000,1782.21000,1782.21000,18
2020.11.30,04:29,1782.21000,1782.21000,1781.85000,1781.85000,47
2020.11.30,04:30,1781.85000,1781.94000,1781.11000,1781.19000,189
2020.11.30,04:31,1781.25000,1781.50000,1780.68000,1780.96000,174
2020.11.30,04:32,1780.99000,1781.00000,1780.69000,1780.83000,126
2020.11.30,04:33,1780.83000,1780.83000,1778.98000,1779.08000,438
2020.11.30,04:34,1779.08000,1779.10000,1777.66000,1778.02000,331
2020.11.30,04:35,1778.02000,1779.01000,1777.93000,1778.90000,267
2020.11.30,04:36,1778.90000,1778.90000,1777.26000,1777.50000,289
2020.11.30,04:37,1777.50000,1777.67000,1777.26000,1777.67000,142
2020.11.30,04:38,1777.67000,1778.05000,1777.50000,1777.92000,146
2020.11.30,04:39,1777.92000,1778.31000,1777.79000,1777.86000,238
2020.11.30,04:40,1777.86000,1778.17000,1777.86000,1778.03000,184
2020.11.30,04:41,1778.02000,1778.32000,1777.87000,1778.12000,188
2020.11.30,04:42,1778.12000,1778.32000,1777.94000,1778.21000,98
2020.11.30,04:43,1778.21000,1778.32000,1777.61000,1777.65000,64
2020.11.30,04:44,1777.66000,1778.52000,1777.61000,1778.06000,195
2020.11.30,04:45,1778.06000,1778.13000,1776.81000,1776.87000,193
2020.11.30,04:46,1776.87000,1776.92000,1776.31000,1776.56000,356
2020.11.30,04:47,1776.56000,1776.69000,1776.37000,1776.45000,206
2020.11.30,04:48,1776.45000,1776.52000,1776.22000,1776.33000,162
2020.11.30,04:49,1776.33000,1776.69000,1776.31000,1776.61000,114
2020.11.30,04:50,1776.61000,1776.61000,1776.27000,1776.37000,139
2020.11.30,04:51,1776.37000,1776.39000,1775.76000,1775.82000,252
2020.11.30,04:52,1775.82000,1775.83000,1775.19000,1775.19000,222
2020.11.30,04:53,1775.19000,1775.19000,1772.92000,1773.41000,549
2020.11.30,04:54,1773.41000,1773.48000,1772.25000,1772.49000,430
2020.11.30,04:55,1772.49000,1773.02000,1772.05000,1772.42000,277
2020.11.30,04:56,1772.42000,1772.80000,1771.81000,1772.62000,372
2020.11.30,04:57,1772.62000,1772.64000,1771.32000,1771.82000,295
2020.11.30,04:58,1771.82000,1772.03000,1764.31000,1766.77000,1100
2020.11.30,04:59,1766.77000,1767.11000,1765.33000,1766.74000,853
2020.11.30,05:00,1766.74000,1766.77000,1765.82000,1766.45000,580
2020.11.30,05:01,1766.45000,1766.93000,1766.19000,1766.23000,423
2020.11.30,05:02,1766.23000,1769.11000,1766.23000,1768.74000,510
2020.11.30,05:03,1768.74000,1770.13000,1768.66000,1770.07000,380
2020.11.30,05:04,1770.07000,1770.30000,1769.06000,1769.25000,428
2020.11.30,05:05,1769.21000,1769.99000,1769.16000,1769.91000,276
2020.11.30,05:06,1769.91000,1770.81000,1769.33000,1770.41000,369
2020.11.30,05:07,1770.41000,1771.07000,1770.09000,1770.37000,349
2020.11.30,05:08,1770.32000,1772.46000,1770.24000,1772.39000,365
2020.11.30,05:09,1772.39000,1772.69000,1771.88000,1772.51000,339
2020.11.30,05:10,1772.51000,1772.52000,1772.03000,1772.11000,213
2020.11.30,05:11,1772.11000,1772.51000,1771.53000,1771.80000,355
2020.11.30,05:12,1771.86000,1771.90000,1771.31000,1771.86000,191
2020.11.30,05:13,1771.86000,1772.65000,1771.65000,1772.54000,146
2020.11.30,05:14,1772.54000,1773.93000,1772.54000,1773.67000,382
2020.11.30,05:15,1773.64000,1774.29000,1773.24000,1773.56000,435
2020.11.30,05:16,1773.56000,1774.14000,1773.50000,1773.75000,268
2020.11.30,05:17,1773.75000,1774.09000,1773.17000,1773.24000,229
2020.11.30,05:18,1773.24000,1773.68000,1773.02000,1773.52000,139
2020.11.30,05:19,1773.52000,1773.52000,1772.77000,1772.90000,185
2020.11.30,05:20,1772.90000,1773.83000,1772.86000,1772.87000,332
2020.11.30,05:21,1772.92000,1772.97000,1771.62000,1771.80000,129
2020.11.30,05:22,1771.80000,1771.94000,1770.91000,1771.24000,159
2020.11.30,05:23,1771.24000,1771.24000,1770.23000,1770.33000,153
2020.11.30,05:24,1770.33000,1770.43000,1769.98000,1770.19000,159
2020.11.30,05:25,1770.19000,1771.45000,1770.15000,1770.67000,228
2020.11.30,05:26,1770.67000,1771.54000,1770.38000,1771.54000,169
2020.11.30,05:27,1771.54000,1771.92000,1771.50000,1771.75000,211
2020.11.30,05:28,1771.75000,1771.86000,1771.56000,1771.74000,142
2020.11.30,05:29,1771.74000,1771.96000,1771.38000,1771.95000,213
2020.11.30,05:30,1771.95000,1771.95000,1771.58000,1771.59000,110
2020.11.30,05:31,1771.59000,1772.08000,1771.55000,1771.76000,99
2020.11.30,05:32,1771.76000,1773.23000,1771.71000,1772.06000,453
2020.11.30,05:33,1772.06000,1772.21000,1771.72000,1771.91000,160
2020.11.30,05:34,1771.91000,1771.94000,1771.35000,1771.35000,101
2020.11.30,05:35,1771.35000,1771.93000,1771.13000,1771.13000,64
2020.11.30,05:36,1771.13000,1771.42000,1770.77000,1770.93000,64
2020.11.30,05:37,1770.97000,1771.31000,1770.92000,1771.06000,49
2020.11.30,05:38,1771.06000,1771.06000,1770.34000,1770.41000,71
2020.11.30,05:39,1770.41000,1770.77000,1770.31000,1770.43000,108
2020.11.30,05:40,1770.44000,1770.60000,1770.29000,1770.29000,101
2020.11.30,05:41,1770.29000,1770.43000,1770.02000,1770.36000,86
2020.11.30,05:42,1770.36000,1770.84000,1770.36000,1770.43000,82
2020.11.30,05:43,1770.43000,1770.43000,1769.78000,1769.89000,162
2020.11.30,05:44,1769.89000,1770.38000,1769.23000,1769.95000,243
2020.11.30,05:45,1769.95000,1770.25000,1769.78000,1769.92000,90
2020.11.30,05:46,1769.92000,1769.92000,1769.62000,1769.74000,60
2020.11.30,05:47,1769.74000,1769.93000,1769.69000,1769.86000,55
2020.11.30,05:48,1769.86000,1770.32000,1769.86000,1770.29000,45
2020.11.30,05:49,1770.29000,1770.31000,1769.92000,1769.92000,86
2020.11.30,05:50,1769.92000,1770.13000,1769.92000,1770.08000,46
2020.11.30,05:51,1770.08000,1770.27000,1770.06000,1770.17000,24
2020.11.30,05:52,1770.17000,1770.27000,1770.06000,1770.22000,48
2020.11.30,05:53,1770.22000,1770.86000,1770.22000,1770.85000,148
2020.11.30,05:54,1770.85000,1771.27000,1770.85000,1771.09000,202
2020.11.30,05:55,1771.09000,1771.09000,1770.24000,1770.38000,202
2020.11.30,05:56,1770.36000,1770.72000,1769.91000,1770.65000,135
2020.11.30,05:57,1770.65000,1770.80000,1770.50000,1770.80000,37
2020.11.30,05:58,1770.79000,1770.79000,1770.53000,1770.60000,27
2020.11.30,05:59,1770.60000,1770.90000,1770.57000,1770.79000,47
2020.11.30,06:00,1770.79000,1770.81000,1770.70000,1770.70000,15
2020.11.30,06:01,1770.70000,1770.90000,1770.70000,1770.80000,23
2020.11.30,06:02,1770.80000,1770.90000,1770.71000,1770.90000,20
2020.11.30,06:03,1770.90000,1771.00000,1770.80000,1771.00000,10
2020.11.30,06:04,1771.00000,1771.25000,1771.00000,1771.20000,46
2020.11.30,06:05,1771.20000,1771.26000,1770.94000,1771.14000,75
2020.11.30,06:06,1771.14000,1771.24000,1770.76000,1770.96000,55
2020.11.30,06:07,1770.96000,1771.01000,1770.62000,1771.00000,66
2020.11.30,06:08,1771.00000,1771.95000,1771.00000,1771.76000,154
2020.11.30,06:09,1771.76000,1771.76000,1771.37000,1771.47000,68
2020.11.30,06:10,1771.47000,1771.50000,1771.33000,1771.40000,64
2020.11.30,06:11,1771.40000,1771.55000,1771.34000,1771.42000,35
2020.11.30,06:12,1771.42000,1771.52000,1771.22000,1771.22000,49
2020.11.30,06:13,1771.22000,1771.24000,1770.98000,1771.06000,36
2020.11.30,06:14,1771.06000,1771.17000,1770.81000,1770.96000,68
2020.11.30,06:15,1770.96000,1771.19000,1770.80000,1770.87000,67
2020.11.30,06:16,1770.87000,1771.03000,1770.34000,1770.44000,63
2020.11.30,06:17,1770.44000,1770.84000,1770.42000,1770.84000,53
2020.11.30,06:18,1770.84000,1770.88000,1770.72000,1770.84000,44
2020.11.30,06:19,1770.84000,1771.02000,1770.79000,1770.99000,23
2020.11.30,06:20,1770.99000,1771.18000,1770.99000,1771.17000,52
2020.11.30,06:21,1771.17000,1771.36000,1771.10000,1771.20000,48
2020.11.30,06:22,1771.20000,1771.31000,1771.11000,1771.21000,23
2020.11.30,06:23,1771.21000,1771.21000,1770.20000,1770.30000,35
2020.11.30,06:24,1770.30000,1770.93000,1770.29000,1770.83000,105
2020.11.30,06:25,1770.83000,1770.89000,1770.61000,1770.61000,75
2020.11.30,06:26,1770.61000,1770.72000,1770.53000,1770.53000,54
2020.11.30,06:27,1770.53000,1771.25000,1770.38000,1771.16000,151
2020.11.30,06:28,1771.19000,1772.04000,1770.83000,1771.97000,146
2020.11.30,06:29,1771.97000,1772.24000,1771.85000,1772.16000,66
2020.11.30,06:30,1772.16000,1772.31000,1771.80000,1772.31000,83
2020.11.30,06:31,1772.31000,1772.33000,1771.74000,1771.88000,130
2020.11.30,06:32,1771.88000,1771.92000,1771.66000,1771.72000,72
2020.11.30,06:33,1771.72000,1771.74000,1771.53000,1771.53000,41